"Alliance Material Handling, Inc.","8320 Sherwick Court, Jessup MD 20794","301-497-2600 / 866-264-5438",http://www.alliancemat.com/
"Alliance Material Handling, Inc.","161 Industrial Drive, Winchester VA 22602","866 264 5438 / 540-868-4180",http://www.alliancemat.com/
"Alliance Material Handling","509 Hatchery Road, Dover DE 19901","866-264-5438",https://www.alliancemat.com/
"Best Line Equipment","5120 East Trindle Road, Mechanicsburg PA 17050","800-577-7115",http://www.bestline.com/
"Alliance Material Handling, Inc.","5006 Byrd Industrial Drive, Richmond VA 23231","866 264 5438 / 804-222-7550",http://www.alliancemat.com/
"Southeast Industrial Equipment","5130 Commerce Road Richmond VA 23234","804‐714‐0799 / 866-696-9125",https://sielift.com/
"Jefferds Corporation (Homestead)","961 Laurel Hill Rd., Verona 24482","540-248-3600",http://www.jefferds.com/
"Toyotalift NE","1000 Taylors Lane, Unit 6 NJ 08077","856-303-0235",http://www.toyotaliftne.com/
"Best Line Equipment","140 Hawbaker Industrial Drive, State College PA 16803","814-237-9050 / 800-792-0635",http://www.bestline.com/
"Delaware Valley Lift Trucks Inc.","1311 Ford Road, Bensalem PA 19020","215-447-0000 / 888-706-5070",http://www.dvlift.com/
"Best Line Equipment","1315 Hausman Road, Allentown PA 18104","484-223-3814 / 866-573-5559",http://www.bestline.com/
"Southeast Industrial Equipment","3534 Business Center Drive, Chesapeake VA 23323","757‐512‐1024 / 866-696-9125",https://sielift.com/
"Alliance Material Handling, Inc","921B Corporate Lane Chesapeake VA 23320","866 264 5438",http://www.alliancemat.com/
"Jefferds Corporation (Homestead)","420 Bradley Drive, Lynchburg VA 24506","434-845-4699",http://www.jefferds.com/
"Certified Lift Specialists Inc","4522 State Route 136, Greensburg, PA, 15601, US","724-830-9972 / N/A",https://clsforklift.com/